ID,Participant_Answer,Question Time,Answer Time
a6,D,734.07310962677,748.1095576286316
a3,B,749.1275544166565,767.0314784049988
c2,A,768.0480725765228,789.1207315921783
e3,A,790.1369018554688,795.9876918792725
a4,A,797.0047459602356,804.1403818130493
c6,A,805.1578707695007,815.5434851646423
a5,B,816.5606763362885,838.5994520187378
c4,B,839.6160032749176,849.0696609020233
d4,A,850.0872881412506,861.4738454818726
c7,B,862.5034775733948,880.8766763210297
c3,C,881.8931920528412,895.2464711666107
c1,A,896.2666726112366,907.1334011554718
d3,B,908.1494994163512,913.6014952659608
b2,B,914.6176717281342,927.3545651435852
