ID,Correct_Answer,Participant_Answer,Question_appearance,Answer_time
AD57,44,42,127.98673486709595,135.96800470352173
AD114,47,47,135.999249458313,140.40461230278015
AD65,39,39,140.43369007110596,144.16783118247986
AD25,85,85,144.18763852119446,149.8072485923767
AD4,22,22,149.8360412120819,152.64163088798523
AD21,70,70,152.67024779319763,156.17904925346375
AD54,56,56,156.20714378356934,158.11081624031067
AD28,61,61,158.13771200180054,162.4015338420868
AD80,85,85,162.4259271621704,166.54088878631592
AD89,30,30,166.560072183609,169.01644778251648
AD98,29,29,169.04366326332092,170.78907775878906
AD59,39,39,170.810649394989,173.40808963775635
AD99,70,70,173.42735052108765,177.72656536102295
AD13,18,18,177.7458300590515,180.9415316581726
AD42,71,71,180.9632534980774,184.7293825149536
AD67,93,93,184.7616584300995,189.31300950050354
AD80,85,85,189.33201098442078,193.23230719566345
AD53,37,37,193.263827085495,197.63207530975342
AD26,45,45,197.66495513916016,199.40918350219727
AD30,62,63,199.4347107410431,204.21520352363586
AD74,86,86,204.2494237422943,208.54559063911438
AD92,82,82,208.57031321525574,214.84568524360657
AD20,41,41,214.8720178604126,218.53459072113037
AD34,34,34,218.55594658851624,220.17604804039001
AD105,44,44,220.20365166664124,222.6877179145813
AD60,51,51,222.7074589729309,227.36086130142212
AD1,53,53,227.3881278038025,234.66600847244263
AD52,56,56,234.69358921051025,238.83261132240295
AD6,8,8,238.8613154888153,240.37713098526
AD76,64,64,240.40981674194336,245.03657126426697
SU39,-33,33,277.9186770915985,288.0727071762085
SU87,7,7,288.1041204929352,299.6442303657532
SU36,14,14,299.6734993457794,301.6454291343689
SU16,19,19,301.67417001724243,310.28705382347107
SU18,18,18,310.3129575252533,314.79579496383667
SU2,-17,13,314.8274829387665,328.603396654129
SU77,-26,26,328.6305727958679,338.76713037490845
SU3,22,22,338.7867386341095,365.15716314315796
SU93,-30,30,365.17575883865356,367.75167655944824
SU104,13,8,367.7764983177185,381.5061650276184
SU67,5,5,381.53058314323425,383.1541829109192
SU5,36,36,383.1807188987732,393.1923580169678
SU117,1,1,393.2160978317261,395.20153546333313
MU77,42,42,427.94052600860596,435.9562883377075
MU63,10,10,435.9772253036499,437.46350741386414
MU104,25,25,437.49049401283264,438.9794502258301
MU93,20,20,439.00853061676025,440.57801580429077
MU62,10,10,440.6086411476135,442.77557945251465
MU59,10,10,442.7953853607178,444.30734515190125
MU87,40,40,444.3287215232849,446.7362108230591
MU95,21,21,446.76308727264404,448.3834261894226
MU61,3,3,448.4108393192291,449.5044846534729
MU51,18,18,449.5304157733917,451.5445373058319
MU100,63,63,451.564813375473,456.22606205940247
MU19,7,7,456.24890971183777,457.56637239456177
MU101,42,42,457.5972454547882,460.5816686153412
MU60,32,32,460.6139361858368,464.02818155288696
MU42,9,9,464.05045199394226,465.90731263160706
MU58,21,21,465.9339759349823,467.2399060726166
MU61,3,3,467.2675256729126,468.36457562446594
MU57,1,1,468.38590812683105,469.1393120288849
MU19,7,7,469.1688542366028,470.5278699398041
MU114,15,15,470.55236315727234,471.80600214004517
MU4,56,56,471.833509683609,474.0190238952637
MU116,14,14,474.0506126880646,475.3607029914856
MU29,30,30,475.3877799510956,477.10114192962646
MU76,100,100,477.12105989456177,478.6349186897278
MU101,42,42,478.6545491218567,481.98913073539734
MU68,12,12,482.01924777030945,483.8738434314728
MU66,72,672,483.90289402008057,490.6001601219177
MU42,9,9,490.6242411136627,493.2708086967468
MU97,60,60,493.2908658981323,494.86270236968994
MU61,3,3,494.8918447494507,495.8518693447113
MU54,8,8,495.87531304359436,497.1388621330261
MU8,72,72,497.15903878211975,502.74590611457825
MU91,21,21,502.77448058128357,504.4566740989685
MU92,24,24,504.4773488044739,506.49664759635925
MU69,35,35,506.5256288051605,508.65632128715515
MU48,56,56,508.6779179573059,510.5446333885193
MU86,21,21,510.576372385025,511.9036087989807
MU57,1,1,511.92860984802246,512.6515038013458
MU119,14,14,512.6798059940338,513.9711990356445
MU115,36,36,513.9966642856598,516.4282214641571
MU77,42,42,516.4605739116669,518.362381696701
MU38,24,24,518.3950438499451,520.51429271698
MU44,15,15,520.5455362796783,521.8117475509644
MU75,20,20,521.8315963745117,523.4300012588501
MU67,64,64,523.4630494117737,525.100282907486
MU53,3,3,525.1305480003357,526.1271407604218
MU90,2,2,526.1494920253754,526.9868159294128
MU104,25,25,527.0147650241852,529.3554754257202
MU9,24,24,529.383811712265,530.7814772129059
MU11,3,3,530.8007943630219,531.7861835956573
MU67,64,64,531.8153603076935,534.0842552185059
MU26,24,24,534.1157684326172,535.7448337078094
MU98,8,8,535.7688834667206,536.9804542064667
MU67,64,64,537.002445936203,538.9351198673248
MU114,15,15,538.9669053554535,540.335684299469
MU112,30,30,540.3671751022339,542.6716763973236
MU13,15,15,542.7008943557739,543.9758896827698
MU85,80,80,544.0040118694305,545.9542779922485
MU95,21,21,545.9855444431305,547.2752504348755
DI91,9,9,577.9609026908875,580.4476528167725
DI4,13,13,580.4770200252533,584.1718642711639
DI55,8,8,584.1975779533386,588.461932182312
DI48,10,10,588.4829497337341,590.5137124061584
DI89,12,12,590.5466868877411,599.5390071868896
DI10,6,6,599.5685241222382,602.6798596382141
DI28,2,2,602.7018070220947,605.5482048988342
DI83,6,9,605.5687727928162,608.0149643421173
DI63,8,8,608.0369091033936,609.6321153640747
DI31,11,11,609.6535985469818,612.7804219722748
DI88,9,9,612.8046333789825,614.4338731765747
DI115,9,9,614.4546189308167,617.6852343082428
DI97,14,15,617.7057812213898,625.8553128242493
DI71,10,10,625.8749904632568,628.3906099796295
DI50,7,7,628.4225521087646,641.7599439620972
DI93,6,,641.792361497879,649.6853029727936
DI97,14,14,649.7112100124359,667.5945496559143
DI72,3,3,667.6188488006592,670.6936099529266
DI105,10,10,670.719250202179,675.4017689228058
DI21,9,14,675.4346091747284,690.7444684505463
DI76,15,,690.771520614624,693.1715104579926
DI74,3,3,693.1912956237793,696.2580854892731
